R,S,K,G,L,F
1.0,1.0,0.8443584,5.1325502,5.702132,9.800996
1.0,1.0,0.2615719,3.6002054,4.0716863,7.2053275
0.0,0.0,0.13387011,0.56751764,0.72630244,1.7804781
1.0,0.0,0.15351115,4.638536,6.083236,9.831696
0.0,0.0,-0.5690431,0.2086618,0.18214391,1.366731
0.0,0.0,-1.335967,0.0015260726,-0.15993413,0.13525234
0.0,1.0,-0.8502025,0.23265001,-0.07346454,0.6109375
1.0,0.0,-0.7682871,3.100892,4.7147713,7.738189
1.0,0.0,0.25188464,4.909662,6.9624367,11.40643
0.0,0.0,0.20635886,0.7257098,0.7176418,2.226672
1.0,1.0,-1.7616897,2.643346,3.00401,6.1606374
0.0,0.0,0.71237135,0.78370845,0.592734,2.3411283
0.0,1.0,-0.16843504,0.20431495,0.08924132,0.64736927
0.0,0.0,-0.4525637,0.19249171,0.1745984,0.9029913
0.0,1.0,0.2685136,0.21310475,0.12328888,-0.13898674
1.0,0.0,-0.88654906,3.7196174,5.516986,9.580717
1.0,0.0,1.6847765,3.9456434,5.0354233,7.7511773
0.0,0.0,-0.16958112,0.26515356,0.37821457,1.9609112
0.0,0.0,0.47983503,0.36779666,0.21439998,0.8173138
1.0,0.0,1.002212,3.8752651,5.328613,8.172776
1.0,1.0,0.79721063,7.209877,8.096178,13.93302
1.0,1.0,1.1659513,4.6956186,5.0615244,8.59027
1.0,1.0,-0.11110518,4.0199847,4.4671745,8.310423
1.0,0.0,-0.9465781,3.1255043,4.499137,7.843258
0.0,0.0,0.84234774,-0.07959628,0.23165402,0.3470902
1.0,1.0,-0.4690918,5.672846,6.522647,11.964199
0.0,0.0,-1.9458557,-0.7019752,-0.42270553,1.0216796
1.0,0.0,0.37300336,2.6817503,3.7524366,5.6304226
0.0,1.0,-0.9495934,0.066097155,0.13826928,0.39874193
0.0,0.0,2.0284603,1.4600751,1.736185,3.1839976
0.0,0.0,1.5962006,0.19560194,0.26388952,0.44679838
0.0,1.0,-0.19191547,1.4378637,0.51255286,3.222434
1.0,1.0,0.7146388,6.6454086,7.3812046,13.031281
1.0,1.0,0.4306447,6.2014275,7.4333696,12.728379
1.0,0.0,1.5111693,1.014191,1.3355006,1.8239019
0.0,1.0,0.47567007,2.7335863,1.8368577,5.4978676
1.0,1.0,-0.09065033,5.790069,6.3837085,11.761044
0.0,0.0,0.110827826,0.56674176,0.3163525,1.3141105
1.0,0.0,0.5116906,5.1295457,7.0724792,10.767144
0.0,0.0,-1.9772551,-0.46878362,-0.36865258,0.93517804
1.0,0.0,1.7802266,3.2233934,4.2346973,6.3070726
1.0,1.0,0.8134705,4.0505066,4.6776795,8.078131
0.0,1.0,0.6654116,0.40425792,0.35578474,0.8821393
0.0,1.0,-0.76925087,0.42478222,0.13295355,0.84629977
0.0,1.0,-1.9689728,0.11252642,-0.43772435,2.5218787
1.0,0.0,-0.41947687,2.7135007,3.9253612,6.379454
0.0,1.0,0.84083104,1.0011979,0.9061015,2.1668415
1.0,1.0,1.5807458,0.6890067,0.51755875,1.1629723
0.0,1.0,-0.6927107,0.3083494,0.09029294,0.30521178
1.0,0.0,-0.52115,3.9833875,6.0777955,9.983519
1.0,1.0,-0.15403894,5.1469784,5.962328,10.656078
1.0,1.0,-1.2190473,3.0559366,3.6179135,7.2887053
1.0,1.0,-1.4310819,3.7393994,4.391519,9.160269
1.0,1.0,0.38359702,3.4402068,3.729977,6.7053437
1.0,1.0,0.42649916,2.8066545,3.3500333,5.9307675
0.0,0.0,0.42512536,0.19694011,0.02400278,0.35459194
0.0,1.0,0.6492215,0.44046688,0.24682277,1.1331894
0.0,1.0,0.36726034,1.7145386,1.2255771,3.793014
1.0,0.0,0.4338618,0.8919212,0.953959,2.0477686
1.0,1.0,0.087986715,3.135798,3.7529955,6.510787
0.0,1.0,-0.4129615,1.4274129,0.5239899,3.3464684
0.0,1.0,0.658277,0.07929962,0.111601934,0.10863002
0.0,1.0,-0.7556354,1.416393,0.5497719,3.8559618
0.0,0.0,0.12615195,0.22693966,0.10391967,0.7327001
0.0,1.0,1.1952295,0.8793779,0.7717979,1.7153343
0.0,0.0,0.97549224,0.074206084,0.066051364,0.14459155
1.0,1.0,0.7496229,4.0297594,4.4226317,7.8193254
0.0,0.0,-1.8113308,-0.38999403,-0.3010816,0.6620054
0.0,1.0,0.33057752,1.361497,0.7788856,2.6737144
1.0,1.0,-0.7193406,4.7953453,5.3803706,10.492878
1.0,0.0,0.19448511,4.0245323,5.2619824,9.084385
0.0,0.0,-0.81842315,0.120815374,-0.08102706,0.580029
0.0,0.0,-0.29851502,-0.029305622,0.16340864,0.116289504
0.0,1.0,0.324526,0.0014226288,0.18553993,0.104020506
1.0,0.0,-1.3707371,2.0606258,3.2571363,5.5981865
1.0,0.0,1.3505311,3.763856,4.9932027,7.522866
0.0,0.0,0.017798636,0.008922599,-0.059840247,0.26233572
0.0,0.0,1.723197,0.039577313,-0.11108208,0.00031035766
0.0,1.0,-1.0676674,0.72657406,0.3922459,2.4863863
1.0,1.0,0.4553526,6.55311,7.7339296,13.237005
0.0,1.0,1.3346803,1.977294,1.3745921,3.4583144
0.0,0.0,0.63178295,0.30038643,0.16912249,0.28773987
0.0,0.0,-0.90443057,-0.076525375,0.15562053,0.2946309
1.0,0.0,0.44157577,5.3184314,7.32438,11.689832
0.0,1.0,-0.4279839,0.67959005,0.32172343,1.5573459
0.0,1.0,-0.23749034,0.24727085,0.19676973,0.6312155
0.0,0.0,-0.6603672,0.20554468,0.036479905,0.77594537
1.0,0.0,0.53155804,4.2817745,5.849093,9.32523
1.0,0.0,-0.38159996,2.2050152,3.2057407,5.2027082
0.0,0.0,0.24412245,0.2097235,0.25295946,1.181277
1.0,0.0,0.6521039,5.141262,6.892359,10.963808
0.0,0.0,1.0101401,0.98624986,0.81837386,2.2419121
0.0,0.0,0.1729371,0.8063462,0.78346217,2.875216
0.0,1.0,-0.18425767,0.869883,0.61973405,1.7801359
0.0,1.0,-0.8151367,0.31613547,0.092325404,0.88452476
0.0,1.0,0.42955554,0.560604,0.32922432,0.9265189
0.0,1.0,-0.031477638,0.4059713,0.3521819,1.1081065
0.0,1.0,-0.8804563,0.5917995,0.10220653,1.6673411
1.0,0.0,-0.06961478,4.575745,6.249386,10.317495
1.0,0.0,-0.1442231,3.0589027,4.4059205,7.178867
1.0,1.0,-0.464612,5.883862,6.8848476,12.642197
0.0,1.0,-1.1639131,0.14364102,0.17295466,0.89168006
1.0,1.0,-0.7231013,2.3925698,2.7913637,5.126679
1.0,1.0,0.46985832,0.5975691,0.69530624,1.07529
1.0,0.0,-0.05145707,4.430308,6.1655774,10.516432
0.0,1.0,-0.8781345,0.94009006,0.34919202,2.8866007
1.0,0.0,0.37460905,3.56004,4.889426,7.762696
1.0,0.0,0.49117005,2.9958692,4.0113387,6.319311
1.0,1.0,0.19050293,6.2189746,6.9663544,12.444024
0.0,0.0,-1.5782386,-0.09317145,-0.11740154,0.4425962
1.0,1.0,-0.726222,3.76394,4.5430727,8.597297
0.0,0.0,-0.1590595,0.2586477,0.43908137,1.3368628
0.0,1.0,-0.40931574,0.028515998,0.14198036,0.29890484
1.0,0.0,-1.1436902,1.9899534,3.4481359,6.115878
0.0,1.0,-0.33765188,0.6445281,0.42991304,1.4824342
0.0,0.0,0.9978091,0.20627618,0.2772985,0.36921066
0.0,1.0,-0.73767763,1.0337592,0.51266223,2.613778
1.0,1.0,-0.089974046,5.8286443,6.744337,12.072641
1.0,1.0,-0.22344391,4.3728175,4.959012,9.3675
1.0,0.0,0.43369997,5.1984544,7.1227164,11.39127
1.0,0.0,-1.8438423,0.826157,1.2383322,2.6425905
0.0,1.0,-0.6511648,1.2313359,0.61920923,2.8081555
1.0,0.0,0.80174804,1.4970144,2.0955017,3.0966902
0.0,0.0,0.051640335,0.13480431,0.20313384,0.47230092
1.0,1.0,-1.2341241,4.8933926,6.106396,11.476058
1.0,0.0,0.51980144,1.2667651,1.9294351,2.4944665
0.0,1.0,-0.86534107,0.27948034,-0.054145694,0.3662759
1.0,1.0,0.7668447,6.2434244,7.204283,12.0366745
0.0,1.0,-0.22481817,1.0270822,0.49979126,2.4151082
0.0,0.0,0.97633946,0.3822651,0.42019275,0.5100867
1.0,1.0,-0.11847903,3.6315794,4.058561,7.3029895
1.0,0.0,-0.9219003,3.3432794,4.5595036,8.192574
1.0,0.0,0.5728551,4.0709047,5.640594,8.601684
1.0,1.0,-0.75176346,3.4243398,4.038749,7.5213523
0.0,0.0,-1.2100872,-0.11554724,0.01768905,1.0365738
1.0,0.0,-0.027255975,3.6395674,5.1524186,8.423098
0.0,0.0,0.44815585,0.85231674,0.9373996,2.6223202
0.0,0.0,0.35946944,0.2685935,0.036727645,0.039502576
0.0,1.0,-0.5768067,0.6202117,0.26011947,1.6148396
0.0,1.0,-0.59499466,0.9250972,0.5127278,2.846549
1.0,0.0,-1.4830762,3.5875895,5.464464,9.888727
1.0,1.0,-0.3917384,3.302774,3.880488,7.1946445
1.0,0.0,-2.1374068,2.37495,4.0591717,7.757863
0.0,1.0,0.5951536,1.3522416,0.93026805,2.6002922
1.0,0.0,-0.35522538,2.4828725,3.2367406,5.4718547
0.0,1.0,0.9984251,0.62342364,0.45712128,0.9492354
1.0,1.0,0.34640464,4.9803333,5.665404,9.905158
1.0,1.0,1.9985716,6.94956,7.673427,12.41926
1.0,1.0,-0.43374673,1.6586418,1.9261268,3.3310127
1.0,1.0,1.1071217,7.6993103,8.742983,14.413527
0.0,0.0,1.196684,0.49104872,0.48334283,1.1787043
0.0,0.0,0.98069763,0.6327791,0.50903463,1.3022423
0.0,1.0,-1.4955463,0.19770128,-0.2513111,0.3450687
0.0,0.0,-0.9940175,-0.033661157,-0.06965937,0.17269224
0.0,1.0,2.3903039,0.23801728,0.15661803,0.32847625
0.0,0.0,0.015822602,0.79223514,0.8317283,2.980534
0.0,0.0,0.47028548,1.2204216,0.99533314,3.5907707
1.0,1.0,0.81029963,6.057659,6.905365,11.644288
1.0,1.0,-0.8572712,5.420879,6.3964663,12.329086
1.0,1.0,0.19019134,2.1020494,2.5015755,4.5076456
0.0,0.0,-1.1598339,-0.19107312,0.0032114983,1.8502713
1.0,0.0,0.3255234,1.7212983,2.331188,4.0344534
0.0,1.0,-0.3795224,0.85841537,0.32839143,1.9655641
1.0,0.0,-1.2749592,2.943869,4.5502415,8.262582
1.0,0.0,0.51782715,5.458281,7.462339,11.930501
0.0,0.0,-0.83265406,0.037932336,0.07162084,0.72814095
0.0,0.0,-0.010798951,0.1389693,0.23212463,0.5969045
1.0,1.0,1.4515575,0.833984,1.2161044,1.7266972
0.0,0.0,0.11807476,0.27107173,0.4462756,1.0898883
0.0,1.0,-1.6109486,0.33544576,-0.019818604,1.2883444
1.0,0.0,-0.6996496,2.8115945,3.959469,6.905571
0.0,0.0,-0.39173198,-0.10480191,0.0865269,0.17629176
1.0,1.0,0.5932948,6.5091634,7.507479,12.87515
0.0,1.0,2.1754968,1.9256643,1.7301438,3.0636191
1.0,1.0,0.39600012,4.0433617,4.880957,8.047677
1.0,1.0,0.10939861,4.8193502,5.407753,9.596523
1.0,0.0,0.36636576,4.6912174,6.513261,10.085073
1.0,1.0,-0.070772246,4.7147393,5.2992883,9.549722
1.0,0.0,0.44472027,3.293561,4.6216903,7.321989
1.0,0.0,0.14276926,2.1414647,3.1125712,4.6930475
1.0,0.0,-0.7071878,2.8583531,4.479866,7.3699427
0.0,0.0,1.2475426,1.0170188,0.8642598,1.8920797
0.0,1.0,0.4394942,0.4504753,0.2972321,0.85556287
1.0,0.0,-1.2068076,2.320032,3.3124642,5.736018
0.0,0.0,2.1478364,1.343566,1.2241017,2.3752642
1.0,1.0,-0.68292344,4.754225,5.553715,10.310371
0.0,0.0,1.2218238,0.27022415,0.07768915,0.42031237
0.0,0.0,0.97566974,1.383735,1.3511181,3.2243094
0.0,0.0,1.2962283,0.32945827,0.33093792,0.68550354
1.0,1.0,0.007473765,4.846404,5.5725946,10.226286
0.0,0.0,0.3618765,0.244463,0.14481252,0.55136025
0.0,1.0,-1.5399506,0.70513225,-0.060356557,2.794786
1.0,0.0,-0.39394042,3.6159244,5.3907156,8.62746
1.0,0.0,0.87372357,1.7755867,2.2532494,3.574195
1.0,1.0,1.2280328,4.3114934,4.7570357,7.6793265
1.0,1.0,-0.06560721,6.0511136,6.9793844,12.445341
0.0,0.0,0.49908358,1.3395097,1.2784083,3.909782
0.0,1.0,-1.910123,0.55172944,-0.18505377,2.3228238
0.0,1.0,-1.4101603,0.13514844,-0.002494961,0.5672582
0.0,1.0,-0.047327813,1.1024613,0.8905296,2.8217106
0.0,0.0,0.041311715,0.068414934,0.13434282,0.03877662
1.0,0.0,0.85652035,3.2426264,4.344795,6.8323317
1.0,0.0,0.536955,2.947772,3.7625818,6.1423354
0.0,1.0,0.26269853,0.5889145,0.4150687,1.6699735
1.0,0.0,-0.7537195,0.8552076,0.99759334,1.6534728
0.0,0.0,-0.5825321,0.22924438,0.18096769,1.6012975
1.0,1.0,1.0253553,6.5717015,7.4763327,12.800779
1.0,1.0,0.023202322,5.6188126,6.77506,11.710766
1.0,0.0,-0.43584645,2.385675,3.4822516,5.553584
1.0,1.0,0.8895438,3.0290337,3.1202745,5.614405
1.0,0.0,0.35544422,4.318195,5.962804,9.5253
0.0,1.0,-0.19498746,0.2070287,0.21789101,0.4651807
1.0,0.0,-1.7461158,2.861312,4.8864903,8.9205475
0.0,0.0,0.9547064,1.4406667,1.5536854,3.55691
0.0,0.0,-1.9543128,-0.27072078,-0.37162763,0.76960504
0.0,1.0,1.2037696,0.3396125,0.15710527,0.4847113
0.0,0.0,-0.18099718,0.32174134,0.5935766,1.9613068
1.0,0.0,1.0434179,4.3904095,5.6011963,8.719963
0.0,1.0,1.7430423,2.0450733,1.621891,3.5957088
1.0,0.0,0.81896234,4.660845,6.284762,9.734529
0.0,0.0,-2.1156535,-0.07656649,-0.16105837,0.048354708
0.0,0.0,0.7353017,0.72822446,1.0427363,2.273498
0.0,1.0,0.9352811,1.2048987,0.9052671,2.5690737
1.0,1.0,-1.6873187,3.4165251,4.2205534,8.209749
0.0,1.0,-0.72401667,0.21402282,0.07053607,0.5255416
0.0,0.0,2.3877008,0.4211376,0.19559863,0.6141493
0.0,0.0,-1.1679463,-0.0002642572,0.016195476,0.7734663
1.0,1.0,-0.22557,5.1698065,6.1167035,11.119989
0.0,0.0,-1.815593,-0.17667791,-0.14294945,0.10429174
0.0,1.0,-0.12832434,0.18361832,0.19538479,0.50066817
0.0,0.0,-1.9685638,0.13732734,0.1154758,0.08239458
1.0,0.0,0.7207403,3.8873405,5.085078,7.8572683
1.0,0.0,0.3322677,5.2671423,7.222579,11.560001
0.0,1.0,0.14922214,0.24761678,0.16870594,0.34833717
1.0,1.0,-1.9958699,4.363014,5.237568,11.139155
0.0,0.0,-1.2937807,-0.06959687,-0.12034449,0.42909354
1.0,1.0,-0.3872154,4.515662,5.200862,9.697007
0.0,0.0,0.98062557,1.2363067,1.3179506,3.0534554
0.0,0.0,-0.49970418,0.14737496,0.094824344,0.9078114
0.0,1.0,-0.25155878,0.5070788,0.2941273,1.2855557
0.0,0.0,-0.17735885,0.019574739,0.21124914,0.5220728
1.0,1.0,0.26889586,3.2748237,3.5958567,6.4644747
0.0,1.0,0.6162169,0.9690449,0.8151948,2.558852
0.0,0.0,0.2674868,1.0327816,1.1187229,3.2211893
1.0,0.0,1.3049,4.308898,5.611257,8.5635605
0.0,0.0,0.09420777,0.05337613,0.13026571,0.1435916
0.0,0.0,0.09614087,0.3830076,0.24879286,1.1525996
1.0,0.0,0.7762817,2.2402267,2.8155847,4.4627156
0.0,1.0,1.2802283,0.6652859,0.491951,1.1307759
1.0,0.0,0.9750124,4.124452,5.6559567,8.72646
1.0,0.0,-2.3203375,1.8237404,3.0194674,5.7089024
1.0,0.0,-1.6420999,2.6056337,3.9640899,7.552805
0.0,1.0,-0.2632502,0.3188589,0.1546635,0.49605578
1.0,0.0,-0.068602376,2.3963003,3.512705,5.4994884
1.0,1.0,-0.8534478,2.1430964,2.503069,4.914324
0.0,1.0,-2.6584136,0.008118533,-0.057879977,0.09717271
0.0,1.0,0.81596905,1.8764524,1.274057,3.4110065
0.0,0.0,-0.94534075,0.047168374,0.043310136,0.8766302
0.0,0.0,1.3551272,0.47384053,0.3442815,1.0594611
1.0,1.0,0.5183069,3.3047504,3.785035,6.590324
0.0,1.0,-0.98211354,1.3607224,0.29448724,4.189644
1.0,0.0,-0.13135767,3.730946,5.2802725,8.938664
1.0,1.0,-0.18394008,4.2765145,5.026615,9.099394
0.0,0.0,0.6241185,0.8058019,0.8114513,2.2889042
1.0,1.0,-0.73510885,4.793934,5.3776264,10.034991
1.0,0.0,-0.47809017,0.355627,0.7772664,1.1412255
0.0,1.0,0.07192486,0.28266823,0.21233787,0.47755003
1.0,0.0,-0.19292879,2.398354,3.4928617,5.713526
0.0,0.0,-0.45999244,0.26828173,0.36579028,1.8891877
0.0,1.0,-0.08551146,2.303254,1.3629029,4.9253216
0.0,0.0,-0.33937898,0.41153696,0.28408676,1.6093416
0.0,1.0,-0.36643592,0.679062,0.44402003,1.6480536
0.0,0.0,1.6164181,0.2963342,0.3213611,0.8102961
0.0,0.0,-0.7678565,-0.08948092,-0.1336998,0.25255957
0.0,1.0,-0.37528273,1.0744758,0.40547338,3.0307407
0.0,0.0,-1.9074166,-0.5398183,-0.35563296,1.0007899
0.0,1.0,-0.014773496,1.9519005,1.2276694,4.5241385
1.0,0.0,-0.36149445,4.5458903,6.480677,10.524546
1.0,1.0,-0.30295604,3.9036832,4.3690295,8.141166
0.0,0.0,0.9994164,0.85408705,0.65788937,1.899869
0.0,0.0,-2.1807323,-0.19810998,-0.07934889,0.10633799
0.0,1.0,1.7755113,1.388823,0.90212566,2.6159756
1.0,0.0,-0.82458663,3.0766044,4.823364,7.9734163
1.0,1.0,-1.3750898,1.9730554,2.5257962,4.8579507
1.0,0.0,0.099656485,4.300895,6.4078226,10.335265
0.0,0.0,-0.31044725,0.16670513,-0.062245272,0.12687153
1.0,1.0,-0.9608827,5.41991,6.2281923,11.912094
1.0,1.0,0.93268734,2.369687,2.5313344,4.2792397
1.0,1.0,0.022379477,5.682178,6.7278147,11.661942
0.0,0.0,-0.4599067,0.25513023,0.38949466,2.517314
0.0,1.0,-1.6682916,0.7179126,0.08449286,4.020516
0.0,1.0,1.5884199,1.1563413,0.9200501,1.6909201
0.0,0.0,-1.4120381,-0.17618418,-0.13468775,0.63750964
0.0,0.0,-1.0882083,-0.08134258,-0.023810506,1.7427708
1.0,1.0,0.78354496,5.3478036,5.91556,10.52525
1.0,0.0,0.86673945,4.698429,6.5644846,10.057635
0.0,0.0,-0.6326856,-0.10570052,0.27100748,0.21214958
1.0,0.0,-0.49692428,1.3295858,1.7802668,3.0604584
0.0,1.0,-0.08818634,0.29843363,0.12049572,0.81251484
0.0,0.0,-0.4571208,0.41714367,0.47249243,2.2076964
0.0,0.0,-0.53169173,0.02727013,0.06902254,0.25650477
0.0,1.0,0.46008295,2.1122842,1.3494978,4.1084337
1.0,1.0,2.5667138,4.7947483,5.262112,8.438958
0.0,1.0,1.5149993,1.8988864,1.412647,3.733788
1.0,1.0,0.039037105,4.4612513,5.3950825,9.526193
1.0,1.0,1.0505868,7.0831385,8.013759,13.528842
0.0,1.0,0.80754095,0.004157096,0.030045666,0.391252
1.0,0.0,-0.8271329,2.4533656,3.6140804,6.000794
1.0,1.0,0.31906265,3.3127484,3.7604616,6.6752357
0.0,1.0,0.72790474,1.1952405,0.8816031,2.6078515
0.0,1.0,-0.9675141,0.28499252,0.064030945,1.0911728
1.0,0.0,-0.34887314,2.447227,3.5461326,5.7995677
0.0,1.0,-1.8606738,0.5515523,-0.475659,3.6903276
0.0,1.0,-2.2410505,0.11866957,-0.112858295,1.2058909
0.0,1.0,-0.39302897,0.80343807,0.31478095,1.6668116
0.0,1.0,-0.64378023,0.48992974,0.052041546,1.100132
1.0,1.0,0.68159133,6.80688,7.5147696,13.324245
1.0,0.0,-0.37346098,4.604517,6.5654674,10.861525
1.0,0.0,-0.9009847,0.75097024,1.2603223,1.943128
1.0,0.0,0.029316671,3.9349504,5.6690307,9.094131
1.0,1.0,1.0495682,3.6418257,3.9434443,7.096136
0.0,0.0,-0.6913204,0.085709184,0.01973033,1.6740822
1.0,1.0,-0.24436334,5.4801483,6.2668533,11.335383
0.0,1.0,0.14324896,0.4323283,0.13795172,0.94002444
0.0,1.0,-0.6990108,1.478756,0.49951562,4.02143
1.0,0.0,0.37787893,5.2245355,6.9036393,11.192453
0.0,1.0,0.90973413,3.1310132,2.5392575,6.350097
0.0,0.0,0.8182785,0.073173285,-0.0013109222,0.05569896
1.0,0.0,0.6734834,5.5783463,7.5334587,11.853731
1.0,0.0,-0.5785039,4.168029,6.195187,10.255336
0.0,1.0,-1.3692013,1.116592,0.2038793,3.9629161
1.0,0.0,-0.8327973,4.0691876,5.867083,10.19911
1.0,1.0,-0.41557398,2.7040503,3.1097205,5.9581175
0.0,0.0,-1.0789309,-0.024766922,0.1914407,1.3818793
0.0,0.0,0.7117122,1.4614115,1.4848251,3.581902
1.0,1.0,-0.25394914,4.431462,4.986196,9.187466
1.0,1.0,-1.2804707,3.970367,4.7715592,9.261679
1.0,0.0,0.8109114,5.236363,7.1192036,11.152776
0.0,1.0,1.4724706,1.384013,1.039741,2.4300826
1.0,0.0,-1.6130642,1.4415749,2.1946435,3.919048
0.0,1.0,0.8915483,1.6578386,1.3176259,3.3693178
0.0,1.0,-0.7643225,0.5212323,0.31616926,1.3000033
1.0,0.0,-0.025941627,4.8307686,6.9208636,11.350878
1.0,0.0,-0.6427035,3.1732035,4.3332605,7.46679
1.0,1.0,-0.37236327,2.9461484,3.5142941,5.9861803
0.0,1.0,0.66988134,1.1118851,0.5855526,1.8575178
0.0,1.0,-0.51731586,1.8404897,0.9489843,4.810993
1.0,1.0,0.21362217,6.513115,7.525287,13.354721
0.0,0.0,-0.8166201,0.16693732,0.07114136,1.5090251
1.0,1.0,-0.6011551,1.7978045,1.9785573,3.5022264
1.0,0.0,-0.8530479,4.0098777,5.9483504,10.033694
1.0,1.0,1.0161256,3.8091698,4.055441,7.3493032
0.0,0.0,1.3069844,0.74222076,1.0647566,1.9988767
0.0,0.0,2.2918563,2.3788466,2.551412,4.55015
0.0,1.0,-0.2206507,0.112441346,0.16471723,0.5278466
1.0,1.0,1.4775147,7.6941466,8.867554,14.610547
0.0,0.0,1.0043788,1.4987127,1.4510258,3.5916905
0.0,0.0,1.6061474,0.13421243,0.110420704,0.30079833
1.0,0.0,0.19535367,3.4025984,4.8223395,7.850842
0.0,1.0,0.5675293,0.21069327,0.094344534,0.36003512
1.0,0.0,0.3846988,1.744135,2.37983,3.4275446
0.0,1.0,-0.9749815,0.5171434,0.13978031,1.3321075
1.0,1.0,-1.1412936,4.123026,4.8884935,9.337053
0.0,0.0,0.41436097,0.34084034,0.2058823,0.5876474
1.0,0.0,0.7586334,1.9475081,2.8055468,4.513839
0.0,1.0,-0.70325595,0.3198433,0.11339396,1.0345422
0.0,0.0,-0.45385444,-0.022102803,0.062001064,0.53871834
1.0,0.0,-0.5859672,0.8748218,1.4274247,2.3099957
1.0,1.0,-0.08870112,4.2238626,4.762309,8.671585
1.0,1.0,0.68768865,2.8951242,3.3752024,5.686793
1.0,1.0,1.8383317,8.047753,8.927721,14.774067
1.0,1.0,-1.6901228,4.4669075,5.5487022,10.934751
0.0,0.0,-0.57060575,0.16418567,-0.07730129,0.46027926
1.0,1.0,-0.041980885,6.6660395,7.505401,13.100561
1.0,0.0,-0.117190905,4.479339,6.343233,10.423746
0.0,1.0,0.6191967,0.82253784,0.39246455,1.5930631
1.0,0.0,0.54947686,5.2465677,7.4042573,11.51091
1.0,1.0,1.0659784,1.0229273,1.1186936,2.103121
0.0,1.0,-0.6395404,0.741815,0.29455003,2.3185391
0.0,0.0,-1.3081614,0.06533474,-0.08579469,0.051641688
0.0,1.0,-0.32046005,2.0588121,1.1253873,5.0064783
1.0,1.0,0.7155433,5.144971,5.9472275,10.0780945
0.0,0.0,1.3687288,0.019614965,0.11367012,0.18961291
0.0,0.0,0.65004885,0.39722452,0.52537686,1.3231255
0.0,1.0,-0.10687463,0.31135786,0.08959164,0.90393925
0.0,0.0,-0.12777723,0.34056383,0.22821128,0.9588122
0.0,0.0,-1.9618316,-0.7411121,-0.7520443,1.2652471
0.0,0.0,0.5955278,0.61803037,0.7933637,1.6364108
0.0,1.0,0.61417544,0.92452794,0.9083814,2.1533859
1.0,0.0,1.0956626,1.8621652,2.6237698,3.9770346
1.0,1.0,1.8504463,2.2342181,2.733372,4.5309563
1.0,0.0,-0.77178526,3.1577892,4.672892,8.011263
0.0,1.0,-1.0311555,0.06651996,0.00608238,0.032690674
0.0,1.0,0.29432908,0.2352854,0.287331,0.78076804
1.0,1.0,0.94983006,5.720518,6.358614,10.93014
0.0,0.0,0.88305193,1.0866175,1.2884221,2.8549933
0.0,0.0,0.09875743,0.20190746,0.14710163,0.31758606
1.0,1.0,0.67504627,6.211289,6.941682,12.113907
1.0,0.0,1.2636505,2.438655,3.211525,4.7548304
0.0,0.0,0.61993414,0.6551577,0.73027945,2.0759997
1.0,1.0,-0.65523195,5.6213164,6.5507917,12.044259
0.0,1.0,-0.8793117,0.15306176,-0.121214196,0.56310594
1.0,0.0,-0.08402311,3.3020644,4.6855655,7.4215302
0.0,0.0,-0.29528546,0.29624158,0.36676282,1.5233432
1.0,1.0,0.45284888,5.2790213,6.047862,10.54435
0.0,0.0,-0.075475276,0.139655,0.20329235,0.64157176
1.0,1.0,0.3526427,6.642948,7.8600492,13.636325
0.0,1.0,-1.4112661,0.33126503,-0.10111278,1.7214143
0.0,0.0,-1.4492497,-0.081599295,-0.009090811,0.02001911
0.0,1.0,1.1107563,1.281048,0.8702748,2.4832306
1.0,1.0,-0.11325007,6.084458,7.430589,12.789079
0.0,1.0,-0.30850935,1.4791968,0.7377373,3.8486848
0.0,0.0,0.7049918,0.6027504,0.7224627,1.9461018
1.0,1.0,0.41969207,6.664563,7.706197,13.743055
0.0,1.0,1.9532597,1.6096858,0.95204794,2.7250004
0.0,1.0,-0.27039737,1.0198476,0.5210711,2.478281
1.0,0.0,0.3938076,4.927527,6.791,10.781869
0.0,1.0,-1.237796,0.27448517,-0.053370804,0.3337317
0.0,1.0,2.3260498,0.5043454,0.51261145,0.783934
1.0,1.0,-0.6192045,5.5081434,6.618042,12.403411
1.0,0.0,-0.19041821,2.6408966,4.066559,6.53909
1.0,1.0,0.002673561,3.8211973,4.572049,8.057019
1.0,1.0,-1.1280566,3.5913134,4.379406,8.177588
0.0,0.0,0.45678595,1.0908365,1.0519929,2.8992648
1.0,1.0,-0.3202012,4.5382595,5.4441895,9.899371
1.0,1.0,1.0702825,7.2421527,8.371406,14.056717
1.0,0.0,1.4965159,3.9896216,5.4936614,8.276673
1.0,0.0,-1.7214199,2.8395712,4.8205295,8.977041
1.0,0.0,1.441401,5.197364,6.7855577,10.020931
1.0,1.0,-1.058629,4.8375845,5.9258604,11.168355
1.0,0.0,0.27361858,4.4464183,6.170959,9.990473
0.0,1.0,-1.3063847,0.13998444,0.16755559,0.68077564
1.0,1.0,-3.9019227,2.4516213,3.3678515,8.991902
0.0,1.0,-0.29360285,0.96613365,0.55866015,2.4273148
1.0,0.0,-1.2391574,1.9550714,2.9941206,5.2937927
0.0,1.0,-1.6191126,0.2793325,-0.0964846,1.1107967
0.0,1.0,-0.9528932,0.67649543,0.36093855,2.3382347
0.0,0.0,0.12369061,0.33267176,0.17845766,0.8480052
0.0,0.0,1.2767452,1.1187925,1.262473,2.5443063
1.0,1.0,0.45826605,5.814726,6.6924777,11.776764
1.0,1.0,1.3629533,6.016432,6.8808327,11.341791
0.0,1.0,1.0163509,1.924579,1.3058479,3.5347948
0.0,1.0,0.6189618,0.12843373,0.17487234,0.5365357
1.0,0.0,-0.58447665,3.8036304,5.3414416,9.393585
1.0,0.0,0.3551915,1.3497689,1.8439924,3.0486345
1.0,0.0,1.573164,5.049782,6.228598,9.582226
1.0,1.0,-1.6964916,3.8830986,4.7260804,9.4471035
0.0,1.0,0.4630689,0.35641047,0.3487069,0.9567775
0.0,0.0,-2.0668876,-0.39286864,-0.3655479,0.2834564
1.0,0.0,0.30537757,5.1210437,7.0720625,11.383495
0.0,1.0,-0.4246667,0.61837935,0.5045713,2.0717707
0.0,1.0,-0.48375046,1.0375696,0.48854765,2.7651596
1.0,0.0,-1.0275347,3.0341659,4.5369864,7.6754136
0.0,1.0,1.4009246,0.51378274,0.30700412,0.9059534
0.0,0.0,-0.16914946,0.8316463,0.5824648,3.3212342
0.0,1.0,-0.6441427,1.2371721,0.34449673,3.3186407
0.0,0.0,-0.023619132,0.11440346,0.079646274,0.49185866
1.0,0.0,0.8935522,2.8727489,3.99677,5.910692
1.0,0.0,-1.4022574,3.2452486,5.3545446,9.452008
0.0,1.0,-1.6553665,0.81208175,0.02061379,3.5960279
1.0,0.0,-1.1639667,1.9080192,3.0848062,5.396474
0.0,0.0,-0.8582662,0.009877883,-0.112445116,0.25407684
0.0,1.0,0.3008411,1.6630113,1.1880178,3.7103372
1.0,1.0,0.86390644,5.9604697,6.444876,11.322953
0.0,1.0,1.0283301,3.3316472,2.1764927,6.0998797
0.0,1.0,-0.02888694,0.08272305,0.0074250875,0.030039184
0.0,0.0,-1.0968678,0.0469882,-0.071041346,0.3661877
0.0,0.0,-0.5786555,-0.016875267,0.12282951,0.14739445
0.0,0.0,-1.0307741,-0.12109244,-0.10998532,0.7185986
1.0,0.0,-0.64671403,3.962418,5.8084674,9.859295
0.0,0.0,0.046579204,0.21924202,0.19294605,0.34023046
0.0,0.0,2.012876,0.3123633,0.25947016,0.59497786
0.0,1.0,3.062781,3.749585,3.0906055,5.84083
1.0,1.0,-0.82930136,5.572335,6.434553,12.180922
1.0,0.0,-1.2386701,3.317136,4.910233,8.908527
1.0,0.0,1.558036,6.2939024,8.086274,12.6549425
1.0,1.0,-1.0625783,2.3219595,2.664211,5.5145063
1.0,0.0,0.27649385,2.170339,3.1075206,5.075721
0.0,1.0,-0.6341212,1.3911023,0.650545,3.2754505
0.0,1.0,-0.6457806,1.1534598,0.58598197,2.476585
1.0,0.0,-0.16251725,4.550097,6.166255,10.466262
0.0,0.0,0.880324,0.06956792,0.09893967,0.034208648
1.0,0.0,0.7503676,4.917406,6.765077,10.477921
0.0,0.0,-0.7599994,0.07243345,-0.013587713,0.13250121
1.0,0.0,-0.048525035,3.0346887,4.365484,7.0993876
0.0,0.0,1.6680819,0.6515038,0.4330766,1.087703
1.0,0.0,-0.65093404,4.3055363,6.3255854,10.613567
0.0,1.0,-1.428191,-0.05694113,-0.111930594,0.17777856
1.0,0.0,-0.16040416,4.2392664,5.730894,9.676041
0.0,0.0,0.97541916,1.5388372,1.6356202,4.3587747
1.0,0.0,-0.64855707,3.930071,5.498597,9.704878
1.0,1.0,0.8464758,7.0850296,8.078078,13.89599
0.0,0.0,0.29403922,0.46724248,0.39480725,1.0276723
0.0,1.0,1.294046,0.51935387,0.41614017,1.0659297
1.0,1.0,-1.1915535,1.3249438,1.398047,3.1318688
1.0,1.0,2.8032556,8.620452,9.494338,15.118425
0.0,0.0,0.9449533,0.055018373,0.26504394,0.2634644
1.0,1.0,0.050516527,0.7830622,0.8433087,1.5652871
0.0,0.0,1.3195982,0.15364863,0.2838063,0.5181194
1.0,1.0,0.67701626,6.5686636,7.5346117,12.745758
1.0,1.0,1.1464725,5.6084394,6.65699,11.164327
0.0,1.0,0.7932264,2.3231516,1.5490608,4.387265
1.0,1.0,-0.090901464,5.36882,6.1233187,11.309728
1.0,1.0,1.0835031,7.4401045,8.532255,14.402785
0.0,1.0,1.3597876,0.4138651,0.3960471,0.7713479
1.0,1.0,-2.6883323,3.3676252,4.2489867,9.528518
1.0,0.0,0.21183777,4.855345,6.908875,10.811861
0.0,1.0,1.7482516,4.107836,3.0841866,7.0935574
1.0,1.0,0.04868225,4.573757,4.894732,8.945935
1.0,1.0,0.31766286,6.1816273,7.0868216,12.630112
1.0,0.0,-0.6928969,3.857462,5.656328,9.582445
0.0,0.0,0.6331104,0.80171317,0.84157306,2.379683
0.0,0.0,-1.5078542,-0.52217984,-0.34894228,1.7902191
0.0,0.0,-0.3060409,0.13371317,0.3039756,1.1392133
0.0,1.0,0.12914193,2.558854,1.4039924,5.384606
0.0,1.0,0.61427075,0.879984,0.53541625,1.3489186
0.0,1.0,-0.016912073,1.3804967,0.9045743,3.1571908
0.0,0.0,0.8831928,1.7098682,1.5303804,4.071748
1.0,1.0,-1.6907189,4.580578,5.3908434,11.180828
0.0,1.0,0.35099986,0.48427898,0.35958308,0.88721216
1.0,1.0,-0.017511282,5.7211637,6.4089127,11.546605
0.0,0.0,1.1713572,0.3753877,0.43771976,0.9185489
0.0,1.0,-1.3268743,0.37529978,-0.048750162,0.9032377
0.0,0.0,-0.69906914,-0.10651699,0.16119353,0.2532497
0.0,1.0,-2.7531703,-0.23770952,-1.1819929,2.415355
0.0,1.0,0.60779756,1.6791279,1.3063376,3.3820732
0.0,0.0,0.57548016,0.28807217,0.3386048,0.4368968
1.0,0.0,1.8776239,3.9150057,5.173322,7.48339
0.0,1.0,-3.2599843,-0.10552746,-0.5147719,0.9317552
1.0,0.0,-1.6961819,0.85774016,1.4464245,2.9001217
0.0,1.0,1.8144689,1.9600006,1.6698251,3.6818395
1.0,1.0,0.3004253,4.362387,5.0388465,8.882151
1.0,0.0,0.7649016,2.6845565,3.8198185,6.099508
0.0,0.0,0.49362543,0.7131874,0.61526096,1.7883898
0.0,1.0,-0.9861834,0.15601364,-0.0104935765,0.26075158
0.0,1.0,0.2954576,0.67339253,0.4273852,1.3000562
1.0,0.0,0.8268075,4.5317035,6.2736998,9.7091675
0.0,1.0,-1.1440213,0.8679491,0.19216996,2.8260598
1.0,0.0,-0.31338012,3.8129482,5.527875,9.30799
1.0,1.0,-0.7691428,4.164951,4.689885,9.229773
0.0,1.0,1.4049354,0.4231155,0.36343107,0.58805764
1.0,1.0,1.4654478,4.0382338,4.5136085,7.266336
1.0,1.0,-0.073702574,4.086308,4.6874585,8.180455
1.0,0.0,0.0025277394,0.7979111,1.0671945,1.8852285
1.0,1.0,0.1769292,5.221919,5.885992,10.432511
0.0,1.0,0.9163539,2.2541623,1.6559325,4.2799034
0.0,1.0,0.15455133,0.18497455,0.11446381,0.67683595
0.0,1.0,-1.9109386,0.35598958,-0.2603171,1.89923
1.0,0.0,0.04415812,3.942739,5.107496,8.884246
0.0,0.0,-1.3390337,-0.22676447,0.097606555,0.46904925
1.0,1.0,0.81540227,3.8858786,4.312648,7.3804493
1.0,1.0,-0.057795692,5.344005,6.149377,10.98832
1.0,1.0,-0.8199018,4.081832,4.684647,8.550833
0.0,0.0,0.83972526,0.2262066,0.2179589,0.5514237
0.0,1.0,-0.84695035,0.49102592,0.26792762,1.6401542
1.0,0.0,-0.565534,3.0590966,4.2067566,7.314515
1.0,1.0,-0.5459453,3.176424,3.7311678,6.635159
1.0,0.0,1.5825027,4.661339,6.0029373,9.090823
0.0,1.0,0.49529353,0.0450522,0.2376473,0.5358938
0.0,1.0,0.15987252,0.10805994,0.12359351,0.35236496
0.0,0.0,-1.7220933,-0.4820404,-0.625661,1.5962551
0.0,0.0,-1.0150834,-0.010997832,0.024222404,1.4150349
0.0,0.0,1.7906798,1.1939011,1.2412053,2.1467276
1.0,0.0,-1.6770504,1.7254491,2.5201278,4.7408276
1.0,0.0,-1.2738729,2.9799595,4.547843,8.169711
1.0,1.0,-0.20720157,5.2328653,6.1921325,11.125191
1.0,1.0,1.2581488,7.2450027,7.9749136,13.370822
1.0,0.0,0.1987023,1.5675374,1.5632267,2.9592643
0.0,1.0,2.400187,3.0008502,2.3313508,4.9040823
1.0,0.0,0.57821417,2.7665887,3.7783446,6.151372
0.0,0.0,-0.2878244,0.28263992,0.11216301,0.9759289
1.0,1.0,-0.46155944,5.899395,6.6732097,12.415592
1.0,1.0,0.2898399,5.585717,6.378424,11.088981
1.0,0.0,-0.22811785,3.2669277,4.7716074,7.557431
0.0,1.0,0.100396454,1.6412094,1.0092041,3.7987418
0.0,0.0,-0.5894749,0.040043112,-0.1631499,0.39065802
0.0,1.0,-0.48625046,0.7815272,0.30912355,1.739757
1.0,1.0,-0.8098564,5.573344,6.702943,12.485475
1.0,0.0,-0.5648042,1.5380621,2.2485437,3.5565808
0.0,0.0,-0.2356957,0.056746405,0.28214985,0.13705744
0.0,0.0,0.28459346,1.1107848,1.1254336,3.3986273
1.0,0.0,-0.35350376,3.777286,5.6646576,9.411062
0.0,0.0,-0.7983076,-0.09431556,0.19394921,0.811866
1.0,1.0,0.3180485,2.4276183,2.851262,4.9242315
1.0,0.0,-0.46107686,2.5263555,3.4880733,6.335356
0.0,1.0,-0.47645304,0.8086713,0.4453088,1.9860358
1.0,1.0,0.9986421,2.9385242,3.3074212,5.6541915
1.0,0.0,0.66296387,2.2980614,3.014848,4.674634
0.0,0.0,0.40046757,0.68603945,0.36364245,1.609766
1.0,0.0,0.1704844,1.010252,1.274324,2.1247447
1.0,1.0,1.361877,4.973033,5.753293,9.399387
0.0,1.0,2.3233716,0.44284698,0.4769845,0.65647936
1.0,1.0,0.050773535,5.9276137,7.090661,12.357945
1.0,1.0,1.1550314,5.2860193,6.1123686,10.062636
0.0,1.0,0.44675714,1.7559351,1.0801677,3.5451274
0.0,1.0,0.16053084,1.3275037,0.96209407,2.6380222
1.0,0.0,0.748369,5.482377,7.589291,11.776496
0.0,0.0,-0.5602173,0.020338535,0.19786751,1.6202826
0.0,0.0,-1.5409714,-0.060524523,-0.23049188,0.47921327
1.0,0.0,-0.081211254,4.710062,6.5501256,10.725092
0.0,1.0,1.9772668,0.9035961,0.6895889,1.6260012
1.0,1.0,1.5834596,4.967683,5.639183,9.370905
0.0,1.0,0.3758261,0.57324284,0.2865995,1.6391288
1.0,0.0,0.86009204,5.2856092,7.2899494,11.102069
0.0,0.0,1.1181543,0.312401,0.4353732,0.91054976
1.0,0.0,-0.8776024,1.7376065,2.7011967,4.338991
1.0,0.0,-0.17044877,3.7279348,5.244007,8.712534
1.0,0.0,0.40348557,5.4080954,7.281764,11.676494
0.0,0.0,-0.19993997,0.009410799,0.15626368,0.40151218
1.0,0.0,0.60531074,4.3653374,5.85515,9.379031
1.0,0.0,-1.5037588,3.2829666,4.7748075,8.828235
1.0,0.0,-0.2684775,3.7511284,5.4661913,8.617832
1.0,1.0,-0.69740826,3.00498,3.6073713,7.087915
0.0,1.0,-2.103434,0.14294755,-0.105102316,0.4128164
1.0,1.0,-0.47344735,5.644676,6.6339207,11.912674
0.0,1.0,0.20103954,0.7175563,0.49518865,1.8893671
0.0,1.0,0.46100223,1.1004201,0.69625056,2.4291372
1.0,0.0,0.98621863,5.850712,7.637117,11.901909
0.0,1.0,0.49596927,1.5824292,0.9477472,3.4804583
0.0,0.0,-1.2148747,-0.012151447,-0.10346373,0.018940916
0.0,1.0,0.074591145,0.67730284,0.45117533,1.7506454
1.0,0.0,-0.12529732,4.41429,6.164929,10.119599
0.0,0.0,1.632955,0.22713071,0.08984123,0.47456324
0.0,1.0,3.3194752,4.0420065,3.4543846,6.210499
0.0,1.0,-0.047795083,0.8309447,0.38956714,1.5881854
0.0,0.0,0.69845104,0.4905635,0.5660504,1.3599349
0.0,1.0,1.4809172,0.9033411,0.6671319,1.6132188
1.0,0.0,-2.2770164,2.415483,4.5338745,8.528085
0.0,1.0,-0.9948871,0.04912068,0.029362842,0.27826434
0.0,0.0,-0.2607082,0.31435418,0.15741709,0.79319036
0.0,0.0,0.32958925,0.20621507,0.3526799,1.0255156
1.0,0.0,-0.7234425,2.3370357,3.4687784,5.8821197
0.0,1.0,1.8009194,2.7691636,2.135869,4.79517
0.0,1.0,0.6357308,0.11818231,0.25550053,0.41021034
1.0,0.0,0.82508576,5.3964896,7.392432,11.497125
0.0,0.0,-0.17682888,0.44198212,0.4470154,1.4218479
1.0,1.0,-0.48497593,5.388564,6.3838735,11.801811
0.0,0.0,-0.28325182,0.3133979,0.32484993,1.2250283
1.0,1.0,1.0451214,6.069215,6.600704,11.267762
1.0,0.0,0.3547094,4.1201916,5.418375,8.68723
1.0,0.0,-1.3171089,1.9300116,2.924025,5.508469
0.0,0.0,-0.14776997,0.7062329,0.7735759,2.9584608
0.0,0.0,-1.1219525,-0.13696086,0.033145785,1.4876494
1.0,0.0,0.3184867,4.5384717,6.1348734,9.900303
0.0,0.0,-0.97859216,-0.0395346,-0.06796983,0.61556375
0.0,1.0,-0.81212354,0.058055703,0.10148354,0.41112372
0.0,1.0,-1.3489534,0.25418732,0.057684153,0.91283244
1.0,1.0,0.738638,4.988415,5.6443105,9.715518
1.0,0.0,-0.61303586,3.8291495,5.5305653,9.515251
0.0,0.0,0.03716009,0.46993074,0.35997415,1.2132285
1.0,0.0,-0.19751307,4.432183,6.2434344,10.375261
0.0,1.0,-1.1624174,0.0880969,0.04852882,0.8088335
0.0,0.0,1.2403808,1.0536767,1.166187,2.2453895
1.0,0.0,-1.536997,0.6615871,0.72549176,1.3690187
0.0,1.0,2.0334446,0.3196687,0.18226427,0.4551883
1.0,1.0,0.16424382,5.9756627,6.90991,12.287923
1.0,0.0,1.6459012,6.610798,8.611309,12.862142
0.0,0.0,0.8916288,0.32920933,0.35116294,0.8906649
1.0,0.0,2.1198587,6.9081573,8.762965,13.096815
0.0,1.0,0.53518414,1.3021331,0.8414984,2.544298
1.0,1.0,1.7805166,4.4579864,4.8592563,7.9157248
1.0,1.0,0.54329205,3.1845298,3.6358519,6.280257
1.0,1.0,-0.7577445,4.6711416,5.3608027,9.928926
1.0,0.0,-1.7473948,0.7342594,1.3019007,2.582933
1.0,1.0,0.21197346,5.8868036,7.0068054,11.953897
1.0,1.0,0.38549274,4.416853,5.330086,9.024185
0.0,1.0,-0.96759325,0.8523537,0.27316022,2.747557
0.0,0.0,0.18285689,1.0499891,1.1770803,3.5537415
0.0,1.0,-0.08031728,0.466048,0.2774044,0.9459695
1.0,1.0,-0.36189294,5.761917,6.745078,12.229987
1.0,1.0,-0.34753078,4.533267,5.5504274,10.213747
0.0,1.0,-0.37026474,0.21901196,-0.02910214,0.21556117
1.0,0.0,-1.3221487,0.88043064,1.4013686,2.2771049
1.0,0.0,-2.0240643,1.2148497,2.4324522,4.051609
1.0,0.0,1.045236,2.9345777,3.8335268,5.933485
1.0,0.0,-1.8697331,1.5787654,2.9324784,5.5105157
1.0,0.0,0.4307736,3.5544882,4.971973,7.6140165
0.0,1.0,0.46961308,2.2524147,1.5180244,4.5633783
1.0,0.0,-1.1929426,3.2862706,5.0958896,8.661635
1.0,0.0,1.457761,3.6305823,4.8843603,7.2723475
0.0,0.0,1.5120704,-0.14455265,0.07338682,-0.0047397614
1.0,0.0,-1.1379769,2.3789792,3.3204575,6.166851
1.0,1.0,-0.30023822,5.0481596,5.8707833,10.667007
1.0,0.0,0.45465732,4.7919655,6.4763575,10.170215
1.0,0.0,0.5826095,2.8674073,3.8708854,6.394803
0.0,0.0,-1.2808657,0.0604154,-0.0028692335,0.24411842
1.0,0.0,0.7612294,2.5163765,3.4800282,5.2749352
0.0,0.0,-0.31179464,-0.009800851,-0.16263247,-0.05170025
0.0,1.0,-0.9684732,0.09454047,-0.24567571,0.049282845
0.0,1.0,-0.63234216,0.55291694,0.18528782,1.8864889
0.0,0.0,-0.5416022,0.044889092,0.07937956,1.8238842
0.0,0.0,0.053369857,0.7613467,0.6874602,2.6396961
0.0,0.0,-0.6985263,0.06857866,0.04108411,0.6803206
0.0,0.0,0.042165868,0.23193897,-0.008802809,0.3434012
1.0,0.0,0.08067627,4.1745424,5.9838333,9.450553
0.0,1.0,-0.17752217,0.24147765,0.09334925,0.75235146
1.0,0.0,-0.77788264,3.9388733,5.9299855,10.303329
1.0,0.0,0.10895795,3.776512,5.270502,8.570998
1.0,0.0,-0.5617866,0.9843254,1.2696,1.9516635
0.0,1.0,0.2886727,0.9440615,0.5211845,1.7706113
1.0,0.0,-1.1540447,2.53314,3.9973617,6.643947
1.0,0.0,-0.5284922,2.180416,3.187676,5.4428234
0.0,0.0,0.6006517,1.1421903,1.1084081,3.1377559
0.0,0.0,-1.8323735,-0.35359508,-0.34013873,0.6243652
0.0,0.0,-0.38164657,0.3440808,0.34947228,1.8415425
1.0,1.0,0.8455155,5.396839,5.944118,10.032078
0.0,1.0,-1.2395226,0.07836458,-0.15844744,0.8170403
0.0,0.0,0.14050317,0.17146954,0.10321206,0.24395776
1.0,0.0,-0.76194006,1.3801669,2.195259,3.67773
1.0,1.0,1.0288702,5.673612,6.4009423,10.793876
0.0,1.0,0.19296184,0.55759495,0.16217376,1.1794006
0.0,1.0,-0.36943856,0.6485194,0.35302714,1.3715022
0.0,0.0,0.7042292,1.4772792,1.5752115,3.9603033
1.0,0.0,-0.8098945,2.9916286,4.4475694,7.5814376
0.0,0.0,0.43921837,0.3464193,-0.033021986,0.11821258
0.0,1.0,-1.1984465,0.2604702,0.1384323,0.5936515
0.0,1.0,1.0967208,1.5040267,1.0927002,2.8444705
0.0,1.0,0.305083,0.18302111,0.2822696,0.70945203
1.0,0.0,-0.17906535,0.11062484,0.0431265,0.25348696
0.0,1.0,0.15190917,0.9314647,0.62537116,2.1456766
1.0,0.0,-1.0001721,3.9069595,5.836274,9.926387
0.0,1.0,-1.3091668,0.58014214,-0.019662917,2.279212
1.0,0.0,-0.048652176,0.9886894,1.6603037,2.5161452
0.0,1.0,-1.1676722,0.788344,0.14674824,2.4229608
1.0,0.0,0.8972246,1.4296179,2.0071652,3.0215414
1.0,1.0,0.46604,4.2674284,4.8770995,8.556004
1.0,1.0,-0.8322116,4.1115537,4.961788,9.9031105
0.0,1.0,0.11187627,2.3600307,1.4232211,5.253792
0.0,1.0,-0.20063783,1.0654995,0.5842769,2.8618078
1.0,1.0,0.08095417,5.993349,6.9734817,12.089501
1.0,1.0,0.7800846,6.840711,7.6419516,12.698931
1.0,1.0,1.0234722,7.3076034,8.451147,13.962297
0.0,0.0,-1.069068,0.011813313,-0.11892575,0.8842526
1.0,0.0,0.03267964,3.1065903,4.1483827,6.629371
0.0,0.0,0.29174295,0.038289405,0.011950454,0.112655714
0.0,0.0,-1.279332,-0.028146088,-0.10042325,0.97365123
1.0,0.0,-0.2524283,1.8709803,2.68391,4.390803
1.0,1.0,-0.10910088,0.4208256,0.6719692,1.1986394
1.0,0.0,-1.0890179,2.2532835,3.399917,5.984598
1.0,1.0,-4.6180134,1.6689599,2.8400397,8.262743
1.0,1.0,-0.8570101,3.7357972,4.717529,8.711436
1.0,1.0,-0.5181146,2.7312453,3.253378,5.810089
1.0,0.0,0.23896116,4.216459,5.8467083,9.1387205
1.0,1.0,0.52046883,2.598005,2.7916646,5.182074
0.0,1.0,0.8037825,1.4619079,0.9627012,2.8342037
1.0,0.0,0.6636929,2.4246178,3.120049,5.2631545
0.0,1.0,-2.3081698,0.014094889,-0.056885242,0.9172877
0.0,1.0,-0.15119931,0.7962635,0.5460305,2.2485723
1.0,0.0,3.5519562,4.90464,6.255521,8.898286
0.0,1.0,0.78392565,0.6301912,0.35083964,1.3758099
1.0,1.0,-1.9759887,4.075721,4.9820004,10.03638
1.0,0.0,0.6612234,4.674883,6.1705937,9.66623
1.0,1.0,-1.6215501,3.9040942,4.770337,9.480305
1.0,0.0,-0.3004392,4.2227,5.866034,9.718929
0.0,1.0,-0.0741655,0.7453373,0.2695451,1.3401123
0.0,1.0,0.21955459,1.3091244,0.6836325,2.7723236
1.0,1.0,0.5244076,5.0654817,5.8020144,10.243911
0.0,0.0,-0.21255887,0.22036767,0.0057920665,0.41598892
0.0,0.0,-1.2673365,-0.19736022,0.03046763,0.6118106
0.0,1.0,0.313111,0.13516024,0.03013815,0.36453265
1.0,1.0,2.1397967,5.595725,6.025958,10.073691
1.0,1.0,0.7734652,6.5373654,7.4732566,13.072987
1.0,1.0,-1.4738615,3.789672,4.4199224,9.026344
1.0,0.0,-1.0647063,3.7968338,5.6657867,10.090257
1.0,1.0,-0.33831343,3.813661,4.654786,8.541854
0.0,1.0,1.3641745,1.556014,1.1024482,2.7680352
1.0,0.0,-0.81998676,3.8084118,5.8134694,9.832087
1.0,1.0,0.8281302,5.4033318,6.0784616,10.380557
1.0,1.0,0.48454085,6.51065,7.549628,12.984419
0.0,1.0,-0.19146898,1.0608115,0.5812703,2.5055609
0.0,0.0,-0.49459827,0.05761087,0.16030765,1.2846543
0.0,0.0,-0.037060663,0.4945929,0.48438412,2.326898
0.0,0.0,0.9428732,0.097706355,-0.019050539,0.0107309
1.0,0.0,0.518444,4.754507,6.5213246,10.483225
0.0,1.0,-0.08665356,-0.06458588,0.10549092,0.07140735
0.0,1.0,0.58291185,0.1715137,0.01808269,-0.013085142
1.0,0.0,-1.2828661,3.261312,5.1055827,8.7665825
1.0,0.0,-0.39396885,3.651297,5.0969853,8.418955
0.0,0.0,-0.99735814,-0.033082888,-0.060206294,0.20681012
1.0,0.0,1.7642502,6.6053834,8.613971,12.863891
0.0,0.0,0.91433406,0.7856061,0.58992374,1.420403
1.0,1.0,0.7302201,7.177515,8.091907,13.904894
0.0,0.0,-0.83357906,-0.07906675,-0.023631006,0.14006753
1.0,0.0,1.0480387,0.85168785,0.806457,1.2820548
1.0,0.0,1.6568614,5.213379,6.782196,10.151272
0.0,1.0,-1.1022409,1.1727322,0.40877432,3.7715988
0.0,0.0,0.20147437,0.104928344,0.09132958,0.38925254
0.0,0.0,1.3923534,0.7187865,0.88342696,1.614738
0.0,0.0,1.3636578,0.22437981,0.42984807,0.7537306
1.0,0.0,-0.90834504,4.1724386,6.0031424,10.428952
0.0,1.0,0.6554384,1.7341038,1.0018352,3.1985624
0.0,0.0,1.7158383,0.14589806,0.14083931,0.37955773
1.0,0.0,1.5578821,3.4687781,4.5695543,6.919825
0.0,1.0,-1.693355,0.23998052,-0.008175731,2.1614008
1.0,0.0,-1.397778,3.29505,5.0907116,9.326076
1.0,0.0,-1.1364948,3.188207,4.8248672,8.473049
0.0,0.0,-0.82763106,0.09328924,-0.034950823,0.67296135
1.0,1.0,1.1764499,5.2966385,6.0328856,10.255994
0.0,0.0,0.015473546,0.806365,0.8915248,3.3813114
0.0,0.0,0.68542194,0.5033069,0.3613906,0.9829741
1.0,0.0,-0.44405648,3.9266748,5.6309414,9.276737
1.0,0.0,-1.5666833,2.454586,3.7226954,6.966776
1.0,1.0,0.40437034,3.3515549,3.8149464,6.5434113
1.0,1.0,1.2397374,2.4011173,2.6649737,4.330791
0.0,0.0,1.2741885,0.86830246,0.90433824,1.8805833
0.0,1.0,-0.78967327,0.09828587,0.1761783,0.13533735
1.0,0.0,-0.5205237,2.8909695,4.050562,6.7473335
1.0,0.0,-0.3316711,2.2496758,2.926863,4.7137713
1.0,0.0,-0.71733844,3.5369205,5.0463233,8.724701
0.0,1.0,1.9868668,1.5591208,1.1896647,2.4437957
0.0,1.0,-0.019967662,0.7952038,0.38032606,1.799188
0.0,0.0,-0.08546407,0.2333656,-0.024789937,0.016003273
0.0,0.0,0.23487934,0.5388124,0.41430777,1.4340361
1.0,0.0,-1.422295,3.0445971,4.5997896,8.341872
0.0,0.0,0.6267158,0.6579504,0.7235426,2.0579915
1.0,0.0,-0.27489984,0.8217752,1.0843468,1.894637
0.0,0.0,0.12579352,0.56453687,0.39043754,1.535195
0.0,0.0,0.1313129,0.015971884,0.18333322,0.57457364
1.0,1.0,0.4886102,4.9108243,5.629617,9.644305
0.0,0.0,0.687842,0.8458192,0.86612606,2.2482767
1.0,0.0,0.48691565,3.811456,5.1965394,8.071753
0.0,1.0,-0.6011422,0.7824775,0.2174443,2.162502
0.0,1.0,-1.4824142,0.21173522,0.12922244,1.1335216
1.0,1.0,-0.3216273,3.2344093,3.7028415,6.5301695
0.0,0.0,1.0340279,0.40954816,0.45521653,1.0887032
0.0,0.0,0.2424059,0.40963256,0.65536016,1.8306209
1.0,0.0,0.14951827,3.2619228,4.4936113,7.3214087
0.0,1.0,1.2502905,1.5031501,1.2626636,2.6968055
1.0,0.0,1.348731,3.4055347,4.3748565,6.6096363
1.0,0.0,-0.6320893,2.5231242,3.8891807,6.415904
1.0,0.0,-0.1907316,4.770274,6.5514708,11.104584
0.0,1.0,1.0169171,0.014327677,0.18454655,-0.1430094
1.0,1.0,-0.94903535,5.191291,6.322521,11.873406
1.0,1.0,-2.1225755,3.6513274,4.5491996,9.505514
0.0,1.0,-0.2502834,1.12135,0.7377949,2.5607266
0.0,1.0,-0.53160024,1.1835495,0.40776154,3.2654257
1.0,1.0,-0.67624146,5.143763,5.6725664,10.791874
1.0,1.0,1.1164713,4.872614,5.510503,9.3103485
0.0,1.0,0.9276755,3.0937932,2.0567694,5.8712106
0.0,0.0,0.7106736,0.37132165,0.641374,1.304118
1.0,1.0,-0.12226905,5.972361,6.966739,12.553365
0.0,1.0,-2.5396883,-0.080887735,-0.6428087,1.8384823
0.0,0.0,-0.68753177,0.08494741,0.16113415,1.5337541
0.0,0.0,-0.7422413,0.021755457,0.1039516,1.0337185
0.0,1.0,0.06338854,0.2797661,0.1327151,0.64912724
0.0,1.0,-0.5667616,0.5933747,0.2651011,1.5994468
1.0,0.0,-0.88761145,1.9271389,2.7295952,5.0849285
0.0,1.0,0.26369742,0.13002431,0.048229896,0.18759471
0.0,1.0,2.2007968,4.0814962,3.1759458,6.52744
0.0,0.0,0.9838774,1.1488802,1.1693068,2.6735938
0.0,1.0,0.84082043,0.33701867,0.3040855,1.1417302
0.0,0.0,-0.5668816,0.12551919,0.06246981,0.6122803
1.0,0.0,0.14069359,3.1675782,4.108295,6.468419
1.0,0.0,-1.003135,1.5895547,2.5474,4.014131
0.0,0.0,-1.5153142,-0.44406903,-0.43072486,1.6878209
0.0,0.0,-1.3028513,-0.33996737,-0.17085332,2.0033484
1.0,0.0,3.4007425,4.832535,5.828752,8.330896
1.0,0.0,0.076257885,4.7394843,6.664909,10.713801
0.0,0.0,-2.3387346,-0.19716588,-0.122295186,-0.08129537
1.0,1.0,-1.2332728,5.1558495,6.039074,11.931881
0.0,0.0,0.42171022,0.8632018,0.83840513,2.0823433
0.0,1.0,1.2932222,2.0165765,1.67259,4.1122336
0.0,1.0,0.3281519,2.1880584,1.3997511,4.6245904
1.0,0.0,-0.40465298,1.2847594,2.026173,3.308157
0.0,1.0,-0.9945509,0.15132509,0.012618646,0.6594625
0.0,1.0,0.58624655,2.6129289,1.6271676,5.1991806
1.0,1.0,1.8740276,4.1964073,4.855892,7.9217625
1.0,0.0,1.4216418,4.523469,5.953957,9.046186
1.0,0.0,0.27362853,1.2652092,1.6322228,2.6934962
1.0,1.0,-0.2845507,3.8135672,4.237433,7.988158
0.0,0.0,-0.024023542,0.51783895,0.5202648,1.6859545
0.0,1.0,-0.35871714,0.62521863,0.32189485,1.4642534
0.0,1.0,-1.4781144,0.21710451,-0.06051883,0.68172055
0.0,0.0,1.6362056,0.21530315,0.36659634,0.6097967
0.0,0.0,-0.3337852,0.28709328,0.4322443,1.969607
0.0,0.0,-1.207674,-0.06686485,-0.14231884,1.0630326
0.0,0.0,0.81432027,0.78549206,1.0392575,1.9493717
0.0,1.0,-0.27888033,0.8355404,0.41841927,2.0262094
1.0,0.0,1.0122545,5.3559566,7.078293,11.004921
0.0,0.0,0.12138505,0.35939407,0.28905678,1.2445521
0.0,1.0,-0.81898594,0.06563352,0.025907066,0.15649761
1.0,1.0,-0.5447075,5.159214,5.9781704,11.167343
1.0,1.0,0.7400935,6.0778165,6.9697986,12.171882
0.0,1.0,0.5215832,2.5196114,1.4630376,5.2672834
1.0,1.0,-0.7414422,1.6897638,2.0252204,3.5383606
1.0,1.0,2.4791467,2.3667574,3.054368,4.388572
1.0,0.0,-0.4572525,2.7090044,4.0162373,6.534624
0.0,0.0,0.7370065,0.71256727,0.78412825,1.3476533
0.0,0.0,-1.2324358,0.115762755,-0.047285244,0.111726254
0.0,0.0,-0.30240485,0.08316064,-0.15439555,0.32996193
0.0,1.0,1.1237282,1.6042874,1.0490651,2.6732159
0.0,1.0,0.09189333,0.106127754,0.11767101,0.0037543084
0.0,1.0,0.9853987,0.84787846,0.5235332,1.6074896
1.0,1.0,2.0533292,6.560022,7.4717875,12.0099125
1.0,0.0,0.5170749,2.2457018,3.011347,4.73195
0.0,1.0,-0.44033805,0.6549479,0.3789193,2.2738361
1.0,1.0,0.055697788,3.814982,4.309931,7.692348
0.0,0.0,-1.0773407,-0.14277494,0.05064532,1.1035408
0.0,0.0,-0.1030326,0.50509274,0.8888928,2.6749287
0.0,1.0,-0.28553876,0.38971293,0.3234678,1.0460998
0.0,0.0,0.35947552,0.12772492,0.1337601,0.31223127
1.0,0.0,1.7109985,5.9357543,7.851751,11.657919
1.0,0.0,1.4393513,5.4815607,7.105327,10.875913
0.0,1.0,-1.7807156,0.7720816,-0.20765305,3.7790298
1.0,1.0,-1.5694306,4.133805,5.0636444,10.078439
1.0,1.0,1.7858968,5.246805,6.0377464,9.742333
1.0,1.0,-0.4929092,2.456874,2.9167948,5.3079495
1.0,1.0,-0.11442212,4.011539,4.947799,8.923836
1.0,0.0,0.20031847,2.707158,3.6105533,5.749282
1.0,1.0,0.4166227,4.3706837,5.03233,8.628291
1.0,1.0,1.7565616,8.171156,8.920857,14.656672
1.0,0.0,-1.1286976,3.1511292,4.7915473,8.208463
0.0,0.0,-1.7966189,0.047455594,-0.048843384,0.25601035
1.0,1.0,1.1209223,3.4678168,3.9004126,6.436989
0.0,1.0,0.41078562,0.28579247,0.38447988,0.7551256
0.0,0.0,-1.7217606,-0.5800979,-0.741833,1.5724056
0.0,1.0,0.03865882,0.048610404,0.17920572,0.34210414
0.0,0.0,-0.94403166,-0.024067998,0.063072234,0.39945433
0.0,0.0,0.15408172,0.22106488,0.3086776,1.2788277
0.0,1.0,-0.6240958,0.58712834,0.25861084,1.5512959
1.0,0.0,-0.36734614,3.4832058,5.3410215,8.948891
0.0,1.0,0.045939658,2.1303353,1.0965564,4.6972356
1.0,0.0,0.8577672,1.2276994,1.621491,2.6915596
0.0,1.0,1.8349036,2.605131,2.0947485,4.553545
1.0,0.0,-0.27829164,3.7196474,5.3744545,9.063148
1.0,1.0,-0.2496193,1.0079725,1.1788658,2.1551027
0.0,1.0,-0.76144403,0.5503235,0.14720052,1.3894589
0.0,0.0,0.72551787,0.1547455,0.20075296,0.16412193
0.0,0.0,-2.902762,-1.114484,-0.8603618,0.30486333
0.0,0.0,0.21201563,0.19614561,0.27237585,1.2322226
1.0,0.0,-1.8447098,3.071693,4.5340962,8.721149
1.0,0.0,0.54503906,3.0479193,4.167645,6.611008
0.0,0.0,-0.026246818,0.37315136,0.11427158,0.7170522
0.0,0.0,-0.69200134,-0.095026195,-0.028279148,0.07233338
0.0,0.0,1.9413979,0.08270463,0.10946104,0.42262062
0.0,1.0,-0.14475182,0.35485658,0.25801447,0.9302293
0.0,0.0,0.5393809,0.7010385,0.52774614,1.7824597
0.0,1.0,-1.5983895,0.016016766,0.058037825,0.07909533
1.0,1.0,0.62404734,2.484405,3.2687,5.558173
0.0,1.0,-0.838055,0.96734333,0.37933362,2.4609923
0.0,0.0,-1.1443157,0.053369343,-0.019941092,1.6198652
0.0,0.0,1.9477854,0.17991528,0.3445971,0.47006595
1.0,1.0,0.84773993,7.0565853,7.8884926,13.720185
0.0,1.0,0.14034504,0.22563906,0.10957832,0.94758713
0.0,1.0,0.38585064,0.9967841,0.7084108,1.8567247
1.0,0.0,0.65329045,5.397453,7.488432,11.6927595
0.0,0.0,-0.015213697,0.48832753,0.1751194,0.975916
0.0,1.0,1.3008803,1.1053919,0.8967979,2.3046803
0.0,1.0,0.89606637,0.47260356,0.3996066,0.833764
1.0,0.0,-0.5382074,3.5768604,5.001932,8.762027
0.0,1.0,0.24778014,1.6747644,1.3186513,4.1426005
1.0,0.0,0.073404,4.682994,6.536323,10.435854
1.0,0.0,0.83354926,5.609967,7.562937,11.592127
1.0,1.0,-1.7963564,3.4889476,4.5030518,8.817834
0.0,1.0,0.5330103,0.69375515,0.62714034,1.1738524
1.0,1.0,-0.7047181,5.068259,6.14361,11.233014
1.0,1.0,-0.44983432,4.5432806,5.4740186,9.978508
0.0,1.0,1.2045286,2.0406394,1.6246878,3.7702594
0.0,1.0,-0.68565834,0.80244696,0.3691216,2.5273175
0.0,1.0,-0.8720533,-0.07600114,0.0032711476,0.34199342
1.0,0.0,-1.4150902,3.3065372,4.866696,8.656418
1.0,1.0,0.7427458,2.4999485,2.7692366,4.7203226
0.0,0.0,-0.25947154,0.44631732,0.43349057,2.0448375
0.0,0.0,0.85892344,0.47715086,0.30192554,0.42158008
0.0,1.0,-1.2276984,0.19958864,0.011207004,0.10017994
0.0,0.0,-0.19098692,0.33128092,0.42417115,1.5181282
1.0,0.0,-0.44363406,4.077551,5.9667025,10.234365
1.0,0.0,-0.3422763,3.7802896,5.740533,9.358716
0.0,0.0,-0.060528636,0.23702298,0.38780022,1.4461398
1.0,0.0,0.6436602,5.4922776,7.622593,11.66767
1.0,0.0,-0.18774669,4.867255,6.3559713,10.856407
1.0,0.0,1.111804,2.1467981,2.6448934,4.3574257
1.0,1.0,-0.513862,5.281174,6.382418,11.772185
1.0,0.0,0.4294821,2.7552087,3.9178581,6.085304
1.0,1.0,0.5744473,6.9476156,8.088095,13.947243
1.0,1.0,1.5215173,6.3289814,7.215047,11.776581
1.0,1.0,0.14664462,3.9981484,4.4883423,8.018152
1.0,0.0,-0.24976635,3.4074893,5.013346,8.114043
1.0,0.0,-0.5728828,0.67930984,0.98462856,1.4431279
0.0,0.0,0.31738126,0.8303078,0.7863019,2.437254
0.0,0.0,1.3702011,0.5179801,0.32209635,0.7872503
0.0,0.0,0.7772732,-0.07658828,-0.10682793,0.15847552
1.0,1.0,-2.397414,3.441453,4.614522,9.664598
0.0,1.0,-1.243601,0.5615813,-0.0637559,1.9406973
0.0,1.0,0.7954152,0.73111796,0.46020263,1.2142808
0.0,0.0,-0.55606383,0.15081741,0.25742656,1.0002687
1.0,1.0,1.7856936,7.495709,8.485795,13.71588
0.0,0.0,0.89456207,1.1643617,1.215219,3.029428
0.0,1.0,1.6170441,0.8754635,0.8256019,1.5466684
1.0,1.0,0.83312476,6.615049,7.6404686,12.89488
1.0,0.0,1.1436164,2.2293346,2.6074874,4.25167
0.0,1.0,-1.704817,0.17219609,0.034663036,0.5490869
0.0,0.0,-1.2873862,-0.047872663,-0.023156524,0.7800688
0.0,1.0,-1.3157812,0.16375265,0.06628093,0.21762085
0.0,0.0,1.2667379,0.66473305,0.43999693,1.4774798
1.0,1.0,-0.83392847,4.959629,6.0133924,10.980162
1.0,1.0,0.55712,6.853993,7.7951217,13.298686
1.0,0.0,2.217949,4.506441,5.9867907,8.755534
0.0,1.0,0.989611,0.8152969,0.44866177,1.6524814
1.0,1.0,1.5363753,5.854024,6.6114273,10.68519
